USE `boozt` ;

INSERT INTO `country` VALUES 
('AF', 'Afghanistan'),
('AL', 'Albania'),
('DZ', 'Algeria'),
('DS', 'American Samoa'),
('AD', 'Andorra'),
('AO', 'Angola'),
('AI', 'Anguilla'),
('AQ', 'Antarctica'),
('AG', 'Antigua and Barbuda'),
('AR', 'Argentina'),
('AM', 'Armenia'),
('AW', 'Aruba'),
('AU', 'Australia'),
('AT', 'Austria'),
('AZ', 'Azerbaijan'),
('BS', 'Bahamas'),
('BH', 'Bahrain'),
('BD', 'Bangladesh'),
('BB', 'Barbados'),
('BY', 'Belarus'),
('BE', 'Belgium'),
('BZ', 'Belize'),
('BJ', 'Benin'),
('BM', 'Bermuda'),
('BT', 'Bhutan'),
('BO', 'Bolivia'),
('BA', 'Bosnia and Herzegovina'),
('BW', 'Botswana'),
('BV', 'Bouvet Island'),
('BR', 'Brazil'),
('IO', 'British Indian Ocean Territory'),
('BN', 'Brunei Darussalam'),
('BG', 'Bulgaria'),
('BF', 'Burkina Faso'),
('BI', 'Burundi'),
('KH', 'Cambodia'),
('CM', 'Cameroon'),
('CA', 'Canada'),
('CV', 'Cape Verde'),
('KY', 'Cayman Islands'),
('CF', 'Central African Republic'),
('TD', 'Chad'),
('CL', 'Chile'),
('CN', 'China'),
('CX', 'Christmas Island'),
('CC', 'Cocos (Keeling) Islands'),
('CO', 'Colombia'),
('KM', 'Comoros'),
('CG', 'Congo'),
('CK', 'Cook Islands'),
('CR', 'Costa Rica'),
('HR', 'Croatia (Hrvatska)'),
('CU', 'Cuba'),
('CY', 'Cyprus'),
('CZ', 'Czech Republic'),
('DK', 'Denmark'),
('DJ', 'Djibouti'),
('DM', 'Dominica'),
('DO', 'Dominican Republic'),
('TP', 'East Timor'),
('EC', 'Ecuador'),
('EG', 'Egypt'),
('SV', 'El Salvador'),
('GQ', 'Equatorial Guinea'),
('ER', 'Eritrea'),
('EE', 'Estonia'),
('ET', 'Ethiopia'),
('FK', 'Falkland Islands (Malvinas)'),
('FO', 'Faroe Islands'),
('FJ', 'Fiji'),
('FI', 'Finland'),
('FR', 'France'),
('FX', 'France, Metropolitan'),
('GF', 'French Guiana'),
('PF', 'French Polynesia'),
('TF', 'French Southern Territories'),
('GA', 'Gabon'),
('GM', 'Gambia'),
('GE', 'Georgia'),
('DE', 'Germany'),
('GH', 'Ghana'),
('GI', 'Gibraltar'),
('GK', 'Guernsey'),
('GR', 'Greece'),
('GL', 'Greenland'),
('GD', 'Grenada'),
('GP', 'Guadeloupe'),
('GU', 'Guam'),
('GT', 'Guatemala'),
('GN', 'Guinea'),
('GW', 'Guinea-Bissau'),
('GY', 'Guyana'),
('HT', 'Haiti'),
('HM', 'Heard and Mc Donald Islands'),
('HN', 'Honduras'),
('HK', 'Hong Kong'),
('HU', 'Hungary'),
('IS', 'Iceland'),
('IN', 'India'),
('IM', 'Isle of Man'),
('ID', 'Indonesia'),
('IR', 'Iran (Islamic Republic of)'),
('IQ', 'Iraq'),
('IE', 'Ireland'),
('IL', 'Israel'),
('IT', 'Italy'),
('CI', 'Ivory Coast'),
('JE', 'Jersey'),
('JM', 'Jamaica'),
('JP', 'Japan'),
('JO', 'Jordan'),
('KZ', 'Kazakhstan'),
('KE', 'Kenya'),
('KI', 'Kiribati'),
('KP', 'Korea, Democratic People''s Republic of'),
('KR', 'Korea, Republic of'),
('XK', 'Kosovo'),
('KW', 'Kuwait'),
('KG', 'Kyrgyzstan'),
('LA', 'Lao People''s Democratic Republic'),
('LV', 'Latvia'),
('LB', 'Lebanon'),
('LS', 'Lesotho'),
('LR', 'Liberia'),
('LY', 'Libyan Arab Jamahiriya'),
('LI', 'Liechtenstein'),
('LT', 'Lithuania'),
('LU', 'Luxembourg'),
('MO', 'Macau'),
('MK', 'Macedonia'),
('MG', 'Madagascar'),
('MW', 'Malawi'),
('MY', 'Malaysia'),
('MV', 'Maldives'),
('ML', 'Mali'),
('MT', 'Malta'),
('MH', 'Marshall Islands'),
('MQ', 'Martinique'),
('MR', 'Mauritania'),
('MU', 'Mauritius'),
('TY', 'Mayotte'),
('MX', 'Mexico'),
('FM', 'Micronesia, Federated States of'),
('MD', 'Moldova, Republic of'),
('MC', 'Monaco'),
('MN', 'Mongolia'),
('ME', 'Montenegro'),
('MS', 'Montserrat'),
('MA', 'Morocco'),
('MZ', 'Mozambique'),
('MM', 'Myanmar'),
('NA', 'Namibia'),
('NR', 'Nauru'),
('NP', 'Nepal'),
('NL', 'Netherlands'),
('AN', 'Netherlands Antilles'),
('NC', 'New Caledonia'),
('NZ', 'New Zealand'),
('NI', 'Nicaragua'),
('NE', 'Niger'),
('NG', 'Nigeria'),
('NU', 'Niue'),
('NF', 'Norfolk Island'),
('MP', 'Northern Mariana Islands'),
('NO', 'Norway'),
('OM', 'Oman'),
('PK', 'Pakistan'),
('PW', 'Palau'),
('PS', 'Palestine'),
('PA', 'Panama'),
('PG', 'Papua New Guinea'),
('PY', 'Paraguay'),
('PE', 'Peru'),
('PH', 'Philippines'),
('PN', 'Pitcairn'),
('PL', 'Poland'),
('PT', 'Portugal'),
('PR', 'Puerto Rico'),
('QA', 'Qatar'),
('RE', 'Reunion'),
('RO', 'Romania'),
('RU', 'Russian Federation'),
('RW', 'Rwanda'),
('KN', 'Saint Kitts and Nevis'),
('LC', 'Saint Lucia'),
('VC', 'Saint Vincent and the Grenadines'),
('WS', 'Samoa'),
('SM', 'San Marino'),
('ST', 'Sao Tome and Principe'),
('SA', 'Saudi Arabia'),
('SN', 'Senegal'),
('RS', 'Serbia'),
('SC', 'Seychelles'),
('SL', 'Sierra Leone'),
('SG', 'Singapore'),
('SK', 'Slovakia'),
('SI', 'Slovenia'),
('SB', 'Solomon Islands'),
('SO', 'Somalia'),
('ZA', 'South Africa'),
('GS', 'South Georgia South Sandwich Islands'),
('SS', 'South Sudan'),
('ES', 'Spain'),
('LK', 'Sri Lanka'),
('SH', 'St. Helena'),
('PM', 'St. Pierre and Miquelon'),
('SD', 'Sudan'),
('SR', 'Suriname'),
('SJ', 'Svalbard and Jan Mayen Islands'),
('SZ', 'Swaziland'),
('SE', 'Sweden'),
('CH', 'Switzerland'),
('SY', 'Syrian Arab Republic'),
('TW', 'Taiwan'),
('TJ', 'Tajikistan'),
('TZ', 'Tanzania, United Republic of'),
('TH', 'Thailand'),
('TG', 'Togo'),
('TK', 'Tokelau'),
('TO', 'Tonga'),
('TT', 'Trinidad and Tobago'),
('TN', 'Tunisia'),
('TR', 'Turkey'),
('TM', 'Turkmenistan'),
('TC', 'Turks and Caicos Islands'),
('TV', 'Tuvalu'),
('UG', 'Uganda'),
('UA', 'Ukraine'),
('AE', 'United Arab Emirates'),
('GB', 'United Kingdom'),
('US', 'United States'),
('UM', 'United States minor outlying islands'),
('UY', 'Uruguay'),
('UZ', 'Uzbekistan'),
('VU', 'Vanuatu'),
('VA', 'Vatican City State'),
('VE', 'Venezuela'),
('VN', 'Vietnam'),
('VG', 'Virgin Islands (British)'),
('VI', 'Virgin Islands (U.S.)'),
('WF', 'Wallis and Futuna Islands'),
('EH', 'Western Sahara'),
('YE', 'Yemen'),
('ZR', 'Zaire'),
('ZM', 'Zambia'),
('ZW', 'Zimbabwe');

INSERT INTO `boozt`.`customer` (`first_name`,`last_name`,`email`) VALUES
('Victor', 'Souza', 'contact@victorleonardo.com'),
('Juan', 'Perez', 'juanp@gmail.com'),
('Stace', 'Dolen', 'staced@hotmail.com');

INSERT INTO `boozt`.`order` (`purchase_date`,`device`,`country_code`,`customer_id`) VALUES
('2018-12-15','Desktop','BR' ,1),
('2018-12-15','Desktop','CL' ,2),
('2018-12-16','Tablet','CL' ,2),
('2018-12-16','Mobile','US' ,1),
('2018-12-17','Desktop','BR' ,1),
('2018-12-18','Desktop','BR' ,1),
('2018-12-19','Desktop','BR' ,1),
('2018-12-20','Desktop','BR' ,1),
('2018-12-21','Desktop','BR' ,1),
('2018-12-22','Desktop','BR' ,1),
('2018-12-23','Desktop','BR' ,1),
('2018-12-24','Desktop','BR' ,1),
('2018-12-25','Desktop','BR' ,1),
('2018-12-26','Desktop','BR' ,1),
('2018-12-27','Desktop','BR' ,1),
('2018-12-28','Desktop','BR' ,1),
('2018-12-29','Desktop','BR' ,1),
('2018-12-30','Desktop','BR' ,1),
('2018-12-31','Desktop','BR' ,1),
('2019-01-01','Desktop','BR' ,1),
('2019-01-02','Desktop','BR' ,1),
('2019-01-03','Desktop','BR' ,1),
('2019-01-04','Desktop','BR' ,1),
('2019-01-05','Desktop','BR' ,2),
('2019-01-05','Desktop','BR' ,1),
('2019-01-06','Desktop','BR' ,1),
('2019-01-06','Mobile','US' ,3);

INSERT INTO `boozt`.`order_item` (`ean`,`quatity`,`price`,`order_id`) VALUES
('1234567890123',2,55.6,1),
('1234567890123',2,5.6,2),
('1234567890123',2,5.6,3),
('1234567890123',2,25.6,4),
('1234567890123',2,5.6,5),
('1234567890123',2,5.6,6),
('1234567890123',2,53.6,7),
('1234567890123',2,5.6,8),
('1234567890123',2,5.6,9),
('1234567890123',2,5.6,10),
('1234567890123',2,10,11),
('1234567890123',2,12.6,12),
('1234567890123',2,5.6,13),
('1234567890123',2,5.6,14),
('1234567890123',2,5.6,15),
('1234567890123',2,5.6,16),
('1234567890123',2,5.6,17),
('1234567890123',4,5.6,18),
('1234567890123',2,5.6,19),
('1234567890123',2,5.6,20),
('1234567890123',2,2,21),
('1234567890123',2,5.6,22),
('1234567890123',2,5.6,23),
('1234567890123',2,5.6,24),
('1234567890123',2,5.6,25),
('1234567890123',2,5.6,26),
('1234567890123',2,5.6,27);
